<?xml version='1.0' encoding='UTF-8' ?>
<timeLogEntries>
  <time path="/new&#10;/TabordaHoyosNicolas" flag="R" />
  <time id="124" path="/TabordaHoyosNicolas/PSP0/Planning" start="@1539707448000" delta="83" flag="A" />
  <time id="125" path="/TabordaHoyosNicolas/PSP0/Planning" start="@1539739459000" delta="101" flag="A" />
  <time id="126" flag="D" />
  <time id="127" path="/TabordaHoyosNicolas/PSP0/Design" start="@1539965412000" delta="50" flag="A" />
  <time id="128" path="/TabordaHoyosNicolas/PSP0/Design" start="@1539969616000" delta="70" flag="A" />
  <time id="129" path="/TabordaHoyosNicolas/PSP0/Code" start="@1540063417000" delta="130" flag="A" />
  <time id="130" path="/TabordaHoyosNicolas/PSP0/Code" start="@1540162373000" delta="119" flag="A" />
  <time id="131" path="/TabordaHoyosNicolas/PSP0/Code" start="@1540257084000" delta="90" flag="A" />
  <time id="132" path="/TabordaHoyosNicolas/PSP0/Code" start="@1540405096000" delta="116" flag="A" />
  <time id="133" path="/TabordaHoyosNicolas/PSP0/Compile" start="@1540492252000" delta="12" flag="A" />
</timeLogEntries>
