<?xml version='1.0' encoding='UTF-8' ?>
<timeLogEntries>
  <time path="/new&#10;/james" flag="R" />
  <time path="/new&#10;/julianMabe" flag="R" />
  <time id="134" delta="-120" flag="M" />
  <time id="135" delta="-60" flag="M" />
  <time id="141" path="/james/PSP0/Code" start="@1540260108000" delta="84" flag="A" />
  <time id="142" path="/james/PSP0/Code" start="@1540321315000" delta="58" flag="A" />
  <time id="143" path="/james/PSP0/Code" start="@1540341132000" delta="41" flag="A" />
  <time id="144" path="/james/PSP0/Code" start="@1540497738000" delta="82" flag="A" />
  <time id="145" path="/james/PSP0/Planning" start="@1539717088000" delta="139" flag="A" />
  <time id="146" path="/julianMabe/PSP0/Code" start="@1539909042000" delta="137" flag="A" />
  <time id="147" path="/julianMabe/PSP0/Code" start="@1539991440000" delta="116" flag="A" />
  <time id="148" path="/julianMabe/PSP0/Code" start="@1540008916000" delta="81" flag="A" />
  <time id="149" path="/julianMabe/PSP0/Code" start="@1540156298000" delta="71" flag="A" />
  <time id="150" path="/julianMabe/PSP0/Code" start="@1540337515000" delta="50" flag="A" />
  <time id="151" path="/julianMabe/PSP0/Code" start="@1540434840000" delta="86" flag="A" />
  <time id="152" path="/julianMabe/PSP0/Compile" start="@1540498461000" delta="10" flag="A" />
</timeLogEntries>
